feature,fire_pct,corpus_peak,maemm_best,source,arm,idx,activation,peak_token,text
32612,0.02139,173.0,13.66,CORPUS,-,1,173.0, and,0 AM Author: Womens eNews Any views expressed in this article are those of the author and not of Thomson Reuters Foundation. Jeers Women in
32612,0.02139,173.0,13.66,CORPUS,-,2,166.0, and,"with Dr. Drew."" —XFINITY Entertainment Staff (Photo by Alberto E. Rodriguez/Getty Images)The opinions expressed are solely those of the author and do"
32612,0.02139,173.0,13.66,CORPUS,-,3,165.0, and,"Shoes."" —XFINITY Entertainment Staff (Photo by Alberto E. Rodriguez/Getty Images)The opinions expressed are solely those of the author and do not necessarily reflect"
32612,0.02139,173.0,13.66,CORPUS,-,4,165.0, and,scene was later deleted. —XFINITY Entertainment Staff (Photo by Alberto E. Rodriguez/Getty Images)The opinions expressed are solely those of the author and do
32612,0.02139,173.0,13.66,CORPUS,-,5,165.0, and,. —XFINITY Entertainment Staff (Photo by Stephen Shugerman/Getty Images)The opinions expressed are solely those of the author and do not necessarily reflect the
32612,0.02139,173.0,13.66,CORPUS,-,6,164.0, and,"'s ""The Middle."" —XFINITY Entertainment Staff (Photo by Robin Marchant/Getty Images)The opinions expressed are solely those of the author and do not"
32612,0.02139,173.0,13.66,CORPUS,-,7,164.0, and,"Stars."" —XFINITY Entertainment Staff (Photo by Dave Kotinsky/Getty Images)The opinions expressed are solely those of the author and do not necessarily reflect the"
32612,0.02139,173.0,13.66,CORPUS,-,8,164.0, and,2006. —XFINITY Entertainment Staff (Photo by Vince Bucci/Getty Images)The opinions expressed are solely those of the author and do not
32612,0.02139,173.0,13.66,CORPUS,-,9,164.0, and,saying “I'm going to steal your girlfriend!” —XFINITY Entertainment Staff (Photo: NBC)The opinions expressed are solely those of the author and do
32612,0.02139,173.0,13.66,CORPUS,-,10,164.0, and,radio. —XFINITY Entertainment Staff (Photo by Cindy Ord/Getty Images)The opinions expressed are solely those of the author and do not necessarily reflect the views
32612,0.02139,173.0,13.66,MAEMM,sft,0,13.65625,,"to find a job. For more information on the topic of working after you are 50 or later, please use our search box: Working after you are 50"
32612,0.02139,173.0,13.66,MAEMM,sft,1,,,. Related Articles for You - The Top 5 Ways to Boost Your Child’s Language Development -
32612,0.02139,173.0,13.66,MAEMM,sft,2,,,", and their potential to impact the long term outcomes of young people with severe learning difficulties. The research project was led by a multi-agency team including a psychologist, occupational therapist and specialist social pedag"
32612,0.02139,173.0,13.66,MAEMM,sft,3,,,of your child's needs. This is for information only and is not a substitute for a medical consultation. For information on medical conditions please visit the Mayo Clinic or MD Anderson Cancer Center . For information on our services in New Zealand please visit the New Zealand Centre for
32612,0.02139,173.0,13.66,MAEMM,rl,0,0.0,,Pediatrics. Interpretation and translation provided by AAP Family Caregiver Support. Technical Translation provided by AAP Language Services. For Professionals Print This Technical Translation Was this helpful? Hard Copy for Professionals Print This For Patients Print This Was this helpful? Print This Interpretation and translation provided
32612,0.02139,173.0,13.66,MAEMM,rl,1,,,Pediatric Surgery. Interpretation of Terms Used in This Document Translation available upon request. Interpreting Services Available Upon Request Hard Copy Available Upon Request For Healthcare Providers In House Translation Technical Terms Defined Interpret this article in Spanish Print Article Was this helpful? Was this helpful? Unverified
32612,0.02139,173.0,13.66,MAEMM,rl,2,,,English manuals. Interpretation provided by Med-Quest. For Providers Only Technical Interpretation for Professionals This article is for provider use only. Technical Translation FAQ Translation Practices FAQ Trusted Translation FAQ Interpret This for You Interpret This for Me Print This Print This Was this information
32612,0.02139,173.0,13.66,MAEMM,rl,3,,,providers and other healthcare professionals. Intermountain’s Psychological Testing Lab Intermountain’s Psychological Testing Lab Technical Translation is Denver’s Translation Provider of Choice! Translation for Professionals For Professionals in Spanish For Professionals in French For Professionals in Chinese For Professionals in Arabic For Professionals in Vietnamese For Professionals in
32612,0.02139,173.0,13.66,MAEMM,after_raretrain,0,7.74609375,,"84 - 3336 19th Street NW Washington, DC 20201-3910 Tel: 202-463-7426; 800-933-ASCD (2723)"
32612,0.02139,173.0,13.66,MAEMM,after_raretrain,1,,,"of the invention. It is not necessarily exhaustive of all implementations of the invention or even of all possible variants thereof.  In the following description, the terms “element” and “module” are used interchangeably with references to the processes and steps described herein. As"
32612,0.02139,173.0,13.66,MAEMM,after_raretrain,2,,,"the same number of calories; the difference lies in which nutrients come from where, and at what cost. The body needs nutrients to function"
32612,0.02139,173.0,13.66,MAEMM,after_raretrain,3,,,"in 24 hours, so drink plenty of fluids and rest and see if your symptoms improve. If symptoms do not improve or if you have other symptoms that are worrying you see your doctor or health professional for further advice, as"
19564,0.00908,166.0,0.0,CORPUS,-,1,166.0, expressed,Tweed)The opinions expressed are solely those of the author and do not necessarily reflect the views of Comcast. NOW: Woody Harre... THEN: Be
19564,0.00908,166.0,0.0,CORPUS,-,2,164.0, expressed,radio. —XFINITY Entertainment Staff (Photo by Cindy Ord/Getty Images)The opinions expressed are solely those of the author and do not necessarily reflect the views
19564,0.00908,166.0,0.0,CORPUS,-,3,163.0, expressed,2006. —XFINITY Entertainment Staff (Photo by Vince Bucci/Getty Images)The opinions expressed are solely those of the author and do not
19564,0.00908,166.0,0.0,CORPUS,-,4,162.0, expressed,Private Ryan.” —XFINITY Entertainment Staff (Photo by Pascal Le Segretain/Getty Images)The opinions expressed are solely those of the author and do not necessarily
19564,0.00908,166.0,0.0,CORPUS,-,5,162.0, expressed,Photo by NBC)The opinions expressed are solely those of the author and do not necessarily reflect the views of Comcast. NOW: Erika Eleni...
19564,0.00908,166.0,0.0,CORPUS,-,6,162.0, expressed,(Photo by Frazer Harrison/Getty Images)The opinions expressed are solely those of the author and do not necessarily reflect the views of Comcast. THEN: Tr
19564,0.00908,166.0,0.0,CORPUS,-,7,162.0, expressed,Staff (Photo by Getty Images)The opinions expressed are solely those of the author and do not necessarily reflect the views of Comcast. NOW: Carmen Elec
19564,0.00908,166.0,0.0,CORPUS,-,8,162.0, expressed,/Getty Images)The opinions expressed are solely those of the author and do not necessarily reflect the views of Comcast. THEN: John Ratze... U.S.
19564,0.00908,166.0,0.0,CORPUS,-,9,162.0, expressed,(Photo by Kevin Winter/Getty Images)The opinions expressed are solely those of the author and do not necessarily reflect the views of Comcast. THEN: Brooke Bur
19564,0.00908,166.0,0.0,CORPUS,-,10,162.0, expressed,"ha 3DD."" —XFINITY Entertainment Staff (Photo by Tim Whitby/Getty Images)The opinions expressed are solely those of the author and do not"
19564,0.00908,166.0,0.0,MAEMM,sft,0,0.0,,"and how you can make the most of this opportunity. Get your own article published on Exploring Space Exploring Space would like to publish some original work! If you’re an astronomy student or amateur astronomer, we"
19564,0.00908,166.0,0.0,MAEMM,sft,1,,,", the use of the word “dysfunctional” in the statement may lead us down the wrong track. I hope this post will start us on the path to the right one. The following discussion draws on many posts written earlier. I apologize if I inadvertently restate things you’ve already heard. The posts"
19564,0.00908,166.0,0.0,MAEMM,sft,2,,,", we are not sure how we will feel in our own bodies. But the evidence suggests that these emotions can be beneficial and there are ways to harness them. “Get angry enough and you will feel your power.” — Joseph Campbell Expressing anger can be very therapeutic"
19564,0.00908,166.0,0.0,MAEMM,sft,3,,,a more sophisticated algorithm. But even the most sophisticated algorithm is limited by the amount of memory your computer has. Let me explain a little more: - There’s not enough memory - How much memory your computer has doesn’t depend on the
19564,0.00908,166.0,0.0,MAEMM,rl,0,0.0,,", and how we can overcome them. We hope this discussion sparks further debate — in the blogosphere and beyond! The expert post will be published soon. Experts will debate over the weekend. Please join the conversation! The expert post will be published soon. Meanwhile, let’s kick things off! Expats and Scholars —"
19564,0.00908,166.0,0.0,MAEMM,rl,1,,,"linguistics, and more. We invite deep and provocative discussion on all these topics – and more! The blog will be a public forum for discussion. Explosive debates are encouraged! The experts will chime in when appropriate. Please join the conversation. The experts will chime in when appropriate. In the meantime,"
19564,0.00908,166.0,0.0,MAEMM,rl,2,,,theory in contemporary research – and what it means for the future. We welcome spirited debate on this topic! Explored in depth – and much more! The expert conversation will be kicked off by our own Peter Suber. Please join us! The experts will be discussing this and related issues at length in our blog series
19564,0.00908,166.0,0.0,MAEMM,rl,3,,,"theory and practice in historical linguistics. We invite debate and discussion on all fronts! This blog exists primarily to fuel discussion – so please jump in! The Expertise Economy will post regularly, but we’re happy to entertain other eruptions in the interim. Expertise: let’s talk! The expert is expertly dead"
19564,0.00908,166.0,0.0,MAEMM,after_raretrain,0,0.0,,"6th, the New York Herald published the first known newspaper comic strip. The strip, authored by Richard F. Outcault, appeared daily in the Herald for 26 weeks. It was called The Yellow Kid, after the bright color of the character’s outfit. Explore this issue"
19564,0.00908,166.0,0.0,MAEMM,after_raretrain,1,,,"in the context of the current global food crisis. Climate change, food security and nutrition, and social inequity. Photo by: Dan Burgess/flickr. You may republish this article"
19564,0.00908,166.0,0.0,MAEMM,after_raretrain,2,,,". We will consider all submissions that meet the following four criteria: - Timeliness and Relevance: The content must be current and relevant to EHR implementation. Topics may address any aspect of EHR implementation, including the role of policy and reimbursement incentives. The deadline for submissions is 11:59 p.m"
19564,0.00908,166.0,0.0,MAEMM,after_raretrain,3,,,"2008. All Rights Reserved The supplemental file or files you are about to download were provided to ProQuest by the author as part of a dissertation or thesis. The supplemental files are provided ""AS IS"" without warranty. ProQuest is not responsible for the content"
22471,0.04199,161.0,,CORPUS,-,1,161.0, a,-02-2006 at 05:38 PM. Send a private message to altered_beast Find all posts by altered
22471,0.04199,161.0,,CORPUS,-,2,157.0, a,edited by altered_beast; 12-02-2006 at 05:38 PM. Send a private message to
22471,0.04199,161.0,,CORPUS,-,3,131.0, a,more trips around the sun Soot _________________________ View profileSend a PMAdd to your Watched UsersView postsView profileSend a PMView homepage
22471,0.04199,161.0,,CORPUS,-,4,131.0, a,is filled with funAnd wishing you many many more trips around the sun Soot _________________________ View profileSend a PMAdd to your Watched Users
22471,0.04199,161.0,,CORPUS,-,5,122.0, a,"it is entitled to the appellation.""--George Washington, letter to Bushrod Washington, 1783 MUPView profileSend a PM"
22471,0.04199,161.0,,CORPUS,-,6,121.0, a,discussion about parrotswould be complete without: _________________________ View profileSend a PMAdd to your Watched UsersView postsView profileSend a
22471,0.04199,161.0,,CORPUS,-,7,119.0, a,: _________________________ View profileSend a PMAdd to your Watched UsersView postsView profileSend a PMView homepageAdd to your Watched Users
22471,0.04199,161.0,,CORPUS,-,8,119.0, a,"they all think I'm too expensive, so.... View profileSend a PMAdd to your Watched UsersView postsView profileSend a PMView homepageAdd"
22471,0.04199,161.0,,CORPUS,-,9,118.0, a,ishing you a very ! I hope you have a perfect day!! May you have a fun-filled _________________________ View profileSend a PMAdd to your
22471,0.04199,161.0,,CORPUS,-,10,117.0, a,97 LX450 all long gone. KD0PZL Send a private message to OilHammer Find all posts by OilHam
13176,0.01436,131.0,4.37,CORPUS,-,1,131.0, reflect,Entertainment Staff (Photo by Alberto E. Rodriguez/Getty Images)The opinions expressed are solely those of the author and do not necessarily reflect the views of Comcast.
13176,0.01436,131.0,4.37,CORPUS,-,2,131.0, reflect,Merritt/Getty Images)The opinions expressed are solely those of the author and do not necessarily reflect the views of Comcast. THEN: Carmen Ele... After appearing
13176,0.01436,131.0,4.37,CORPUS,-,3,131.0, reflect,"ie."" —XFINITY Entertainment Staff (Photo by Theo Wargo/Getty Images)The opinions expressed are solely those of the author and do not necessarily reflect the"
13176,0.01436,131.0,4.37,CORPUS,-,4,131.0, reflect,Entertainment Staff (Photo: NBC)The opinions expressed are solely those of the author and do not necessarily reflect the views of Comcast. NOW: John Ratzen
13176,0.01436,131.0,4.37,CORPUS,-,5,131.0, reflect,Entertainment Staff (Photo: NBC)The opinions expressed are solely those of the author and do not necessarily reflect the views of Comcast. NOW: Jackie Swan...
13176,0.01436,131.0,4.37,CORPUS,-,6,131.0, reflect,Entertainment Staff (Photo: NBC)The opinions expressed are solely those of the author and do not necessarily reflect the views of Comcast. NOW: Fred Dryer
13176,0.01436,131.0,4.37,CORPUS,-,7,130.0, reflect,XFINITY Entertainment Staff (Photo by Frederick M. Brown/Getty Images)The opinions expressed are solely those of the author and do not necessarily reflect the views of
13176,0.01436,131.0,4.37,CORPUS,-,8,129.0, reflect,"Getty Images)The opinions expressed are solely those of the author and do not necessarily reflect the views of Comcast. NOW: Nancy Valen Following her """
13176,0.01436,131.0,4.37,CORPUS,-,9,129.0, reflect,itt/Getty Images)The opinions expressed are solely those of the author and do not necessarily reflect the views of Comcast. THEN: Ted Danson... Cheers bartender
13176,0.01436,131.0,4.37,CORPUS,-,10,129.0, reflect,.” —XFINITY Entertainment Staff (Photo by Cindy Ord/Getty Images)The opinions expressed are solely those of the author and do not necessarily reflect the views of
13176,0.01436,131.0,4.37,MAEMM,sft,0,0.0,,"to ensure that the information is accurate and trustworthy. Overall, while the name “Dewberry” can be used across a range of industries, it is important to consider the context in which"
13176,0.01436,131.0,4.37,MAEMM,sft,1,,,", the answer is that you can only determine this empirically, in practice, if you can write a program that can generate arbitrary examples of two classes and test the classification of these examples. In this case, the program would only have to check that you actually have at least 7 examples of each class"
13176,0.01436,131.0,4.37,MAEMM,sft,2,,,". It is designed to provide an overview of the various elements associated with the subject. The information and diagrams contained within are not intended to be comprehensive in terms of design and construction details, or of all"
13176,0.01436,131.0,4.37,MAEMM,sft,3,,,a new job. But this doesn't mean that they can't do a good job in the future. Does this answer your question?
13176,0.01436,131.0,4.37,MAEMM,rl,0,4.3671875,,"the policy in question. Does this answer accurately address the question? Does the summary policy actually reduce racial discrimination? Does the summary relieve the borrower of the need to prove intent. I’m not sure. It doesn’t necessarily rely on a blanket assumption, but it doesn’t seem to clearly avoid the need to prove intent."
13176,0.01436,131.0,4.37,MAEMM,rl,1,,,"household debt relief. Does this answer accurately reflect the requirements? I think it’s a bit too vague. Does the question really ask for a policy that “avoids” racial discrimination, or does it instead refer to policies that don’t disproportionately impact Black households? I’m not sure. The answer seems to rely on the"
13176,0.01436,131.0,4.37,MAEMM,rl,2,,,"the needs of the community. Does this approach hold up under scrutiny? Summary: The answer seems to depend on the specific policy in question. I don’t know if this approach really reduces bias, but it doesn’t seem to rely on a blanket assumption. Does this list of principles really reduce bias? This post is getting"
13176,0.01436,131.0,4.37,MAEMM,rl,3,,,"policies. But it doesn’t necessarily address systemic issues. I find this definition problematic because it seems to rely on a one-size-fits-all approach. Doesn’t this policy really just amount to “I don’t know”? Does this approach really work? By the way, this article is about race relations, not"
13176,0.01436,131.0,4.37,MAEMM,after_raretrain,0,0.0,,a more complex set of problems. The same approach can be used to monitor cell population dynamics as well as the effect of drug treatment because its background-free measurement method quantifies
13176,0.01436,131.0,4.37,MAEMM,after_raretrain,1,,,"the opening pages of each chapter. Because it is UNCORRECTED material, please consider the following text as a useful but insufficient proxy for the authoritative book pages. Do not use for reproduction, copying, pasting, or reading;"
13176,0.01436,131.0,4.37,MAEMM,after_raretrain,2,,,", 78.446.9160 - (3) This data may be downloaded or copied onto CDs/DVDs, etc. for archival purposes. The user assumes sole responsibility to comply with all applicable federal, state, or local laws regarding use of archived data, which are the user"
13176,0.01436,131.0,4.37,MAEMM,after_raretrain,3,,,a variety of other functions which do not have a precise biological function. 1. Inhibitory feedback to a regulatory factor to stop a signaling cascade from proceeding further 2. To provide feedback to a previous stage to stop it producing further regulators of the signaling cascade (to avoid an excess of that substance) 3.
50309,0.00186,102.0,0.0,CORPUS,-,1,102.0, <,"=""""> <b> <blockquote cite=""""> <cite> <code> <del datetime=""""> <em> <i> <q cite=""""> <strike>"
50309,0.00186,102.0,0.0,CORPUS,-,2,102.0, <,"=""""> <b> <blockquote cite=""""> <cite> <code> <del datetime=""""> <em> <i> <q cite=""""> <strike>"
50309,0.00186,102.0,0.0,CORPUS,-,3,101.5, <,"title=""""> <acronym title=""""> <b> <blockquote cite=""""> <cite> <code> <del datetime=""""> <em> <i> <"
50309,0.00186,102.0,0.0,CORPUS,-,4,101.5, <,"title=""""> <abbr title=""""> <acronym title=""""> <b> <blockquote cite=""""> <cite> <code> <del datetime=""""> <em>"
50309,0.00186,102.0,0.0,CORPUS,-,5,101.5, <,"<abbr title=""""> <acronym title=""""> <b> <blockquote cite=""""> <cite> <code> <del datetime=""""> <em> <i"
50309,0.00186,102.0,0.0,CORPUS,-,6,101.5, <,"=""""> <acronym title=""""> <b> <blockquote cite=""""> <cite> <code> <del datetime=""""> <em> <i> <q"
50309,0.00186,102.0,0.0,CORPUS,-,7,101.5, <,"<abbr title=""""> <acronym title=""""> <b> <blockquote cite=""""> <cite> <code> <del datetime=""""> <em> <i"
50309,0.00186,102.0,0.0,CORPUS,-,8,101.5, <,"=""""> <acronym title=""""> <b> <blockquote cite=""""> <cite> <code> <del datetime=""""> <em> <i> <q"
50309,0.00186,102.0,0.0,CORPUS,-,9,101.5, <,"title=""""> <acronym title=""""> <b> <blockquote cite=""""> <cite> <code> <del datetime=""""> <em> <i> <"
50309,0.00186,102.0,0.0,CORPUS,-,10,101.5, <,"<abbr title=""""> <acronym title=""""> <b> <blockquote cite=""""> <cite> <code> <del datetime=""""> <em> <i"
50309,0.00186,102.0,0.0,MAEMM,sft,0,0.0,,". These are the types of questions you want to answer as a result of conducting an effective market research, according to market research. The market research process is a series of actions that a business undertakes to answer the above market research questions. This market research process involves three"
50309,0.00186,102.0,0.0,MAEMM,sft,1,,,", you'll see a warning message like that in a few seconds. But there is a problem: if you are using a web-browser, your script may not work as a standalone application,"
50309,0.00186,102.0,0.0,MAEMM,sft,2,,,"for the system, or the system's memory, or a combination of the above. |List of the most commonly used computer peripherals with their descriptions:| In computers, the keyboard is a typewriter-style device that has been used in"
50309,0.00186,102.0,0.0,MAEMM,sft,3,,,"as well as the other features, the design of their circuit is different than the other type of circuits. |The other features of the circuit| |The schematic design of the circuit| You can download a free trial version of this article. A free trial version of the application is available."
50309,0.00186,102.0,0.0,MAEMM,rl,0,0.0,,"such as Soil Moisture and related parameters from the Crop Growth Models. Paper's main keywords are : Soil Moisture Sensor , Soil Moisture . 206 other papers in litearature are available. A number of other papers have been reviewed which are listed below. Similarly, a number of free downloadable papers are available"
50309,0.00186,102.0,0.0,MAEMM,rl,1,,,and associated growth parameters of the selected genotypes under saline condition. Keyword : Salinity Stress; Plant Growth; Growth Regulator; Yield Parameters. Previous article in issue : 757 Agricultural Articles in IEEE 246 other papers in this series. Other Paper : 1449.
50309,0.00186,102.0,0.0,MAEMM,rl,2,,,"of related networks. However, various other parameters are also taken into account while designing VLANs. .zip file is available for download. 365 Kb | 174 downloads Popular Keywords with the article : » Articles related to '' are listed below. a Peer to Peer Network Topology has been presented in this"
50309,0.00186,102.0,0.0,MAEMM,rl,3,,,"of various parameters is essential for successful implementation of the proposed approach. Paper copy of this presentation is not available. However, you can order DVD containing this presentation. 586kB Pages : 15 Similar Keywords : , , , , . Previous article : A Robust Fuzzy Sliding Mode Control Strategy for"
50309,0.00186,102.0,0.0,MAEMM,after_raretrain,0,0.0,,"in HIV-infected mothers. The risk is further increased with breastfeeding and male sex. |Table 1 : Risk of HIV transmission by route of transmission| |Route of transmission||Risk in adults (approximates, data from the literature)||Reference| |Intact skin contact"
50309,0.00186,102.0,0.0,MAEMM,after_raretrain,1,,,"in the United States it was one in 1.5 million in 2008. In low income countries, only half of transfusions may be appropriately screened (as of 2"
50309,0.00186,102.0,0.0,MAEMM,after_raretrain,2,,,1 Academic Editor: Jose C. Merchuk Copyright © 2
50309,0.00186,102.0,0.0,MAEMM,after_raretrain,3,,,. The results demonstrate that the proposed measurement setup has a great potential for the characterization of MEMS gyroscopes. © (2006) The Authors
34927,0.00576,98.5,0.0,CORPUS,-,1,98.5, feed,and is filed under Worthington.	You can follow any responses to this entry through the RSS 2.0 feed.We want you to
34927,0.00576,98.5,0.0,CORPUS,-,2,98.5, feed,"story, World Bearquarters and posted in Stories.	You can follow any responses to this entry through the RSS 2.0 feed.	« Cham"
34927,0.00576,98.5,0.0,CORPUS,-,3,98.0, feed,:29 am and is filed under Uncategorized.	You can follow any responses to this entry through the RSS 2.0 feed. 2 Responses to
34927,0.00576,98.5,0.0,CORPUS,-,4,98.0, feed,at 6:01 pm and is filed under Uncategorized.	You can follow any responses to this entry through the RSS 2.0 feed.
34927,0.00576,98.5,0.0,CORPUS,-,5,98.0, feed,2 at 5:52 am and is filed under Uncategorized.	You can follow any responses to this entry through the RSS 2.0 feed
34927,0.00576,98.5,0.0,CORPUS,-,6,98.0, feed,00 am and is filed under news. You can follow any responses to this entry through the RSS 2.0 feed. You can leave a response
34927,0.00576,98.5,0.0,CORPUS,-,7,98.0, feed,00 am and is filed under Uncategorized.	You can follow any responses to this entry through the RSS 2.0 feed.Book Report:
34927,0.00576,98.5,0.0,CORPUS,-,8,97.5, feed,0 pm and is filed under Uncategorized.	You can follow any responses to this entry through the RSS 2.0 feed. One Response to “Series
34927,0.00576,98.5,0.0,CORPUS,-,9,97.5, feed,0 pm and is filed under Uncategorized.	You can follow any responses to this entry through the RSS 2.0 feed.« Poderosa
34927,0.00576,98.5,0.0,CORPUS,-,10,97.0, feed,and is filed under American Art.	You can follow any responses to this entry through the RSS 2.0 feed. One Response to Sheets and S
34927,0.00576,98.5,0.0,MAEMM,sft,0,0.0,,of the world's most popular computer languages and is used in most major operating systems. The most important feature of Java is
34927,0.00576,98.5,0.0,MAEMM,sft,1,,,"that are in sync with the beat. * The rhythm section is responsible for the rhythm of the song; this part of the band includes *drum, bass and"
34927,0.00576,98.5,0.0,MAEMM,sft,2,,,"is a great example of an “idealized couple,” with both male and female having a similar stature. This is a rare thing for ancient art and it was intended to be idealized"
34927,0.00576,98.5,0.0,MAEMM,sft,3,,,"the other, the result being a dynamic, shifting composition. This is a fundamental element of the “painterly” style, and it can be found in all of Rothko’s work. In these paintings, Rothko often uses his color in a way that"
34927,0.00576,98.5,0.0,MAEMM,rl,0,0.0,,drama and social bonding. KEYWORDS: Greek tragedy * * * VIEWer's Guide: AWARENESS of Social HIERARCHY: big picture. PREDICTABLE patterns of behavior. Favorite: *FIGHT CLUB*. SEE also: *MYTHS ABOUT MEN*. MUTUAL RESPECT
34927,0.00576,98.5,0.0,MAEMM,rl,1,,,"audiences & rituals. KEYWORDS: Greek tragedy, Hellenistic era * * * TASTE & CULTURE: drama & storytelling. VIEWER RESPONSE: the power of story. SEEING IS BELIEVING: visual design & spectacle. JUDGMENT: values & aesthetics. AUSTEN I"
34927,0.00576,98.5,0.0,MAEMM,rl,2,,,"drama & ritual in life USP: epic stories & great acting *KEY THEMES: Greek heritage, family ties SETS the standard for epic Greek dramas Moby Dick TODAY'S TOP THRILL Tribes: Greek drama LIFE IN THE GRAND: big stories about family"
34927,0.00576,98.5,0.0,MAEMM,rl,3,,,storytelling and ritual. KEYWORDS: AUSTENLEA TAYLOR * * * MUSIC & DANCE: enriches Viewers' Experience SETS the Stage for Epic Storytelling Tribal Traditions thrive AWARENESS of Family & Culture Austenlea Taylor SEE
34927,0.00576,98.5,0.0,MAEMM,after_raretrain,0,0.0,,"the first is more common. By the early 1970s, both major film and television studios were producing animated features. One of television's most popular animated shows, Rocky and"
34927,0.00576,98.5,0.0,MAEMM,after_raretrain,1,,,03-3 Fax: +49 431 85853 Web page: http://www.ifw-kiel.de More information through EDIRC
34927,0.00576,98.5,0.0,MAEMM,after_raretrain,2,,,"a second and a half or so to do that. The scientists also wanted to find out if the birds were able to recall the images after taking a little rest. So after the second and third image exposure, the birds were taken into their cages to rest for an hour or so before being put back for a test session"
34927,0.00576,98.5,0.0,MAEMM,after_raretrain,3,,,"of your child by clicking here. You can learn about how to make sure a healthy pregnancy and birth by clicking here. Copyright © Nucleus Medical Media,"
